{"type":"Feature","properties":{"OBJECTID":1,"Name":"Tempe Preparatory Academy","description":null},"geometry":{"type":"Point","coordinates":[-111.9187194,33.3923732]}}
{"type":"Feature","properties":{"OBJECTID":2,"Name":"Tempe High School","description":null},"geometry":{"type":"Point","coordinates":[-111.9410707,33.4091906]}}
{"type":"Feature","properties":{"OBJECTID":3,"Name":"Fuller Elementary School","description":null},"geometry":{"type":"Point","coordinates":[-111.90067,33.3724188]}}
{"type":"Feature","properties":{"OBJECTID":4,"Name":"Hudson Elementary School","description":null},"geometry":{"type":"Point","coordinates":[-111.91692,33.390973]}}
{"type":"Feature","properties":{"OBJECTID":5,"Name":"Kyrene de la Mariposa Elementary School","description":null},"geometry":{"type":"Point","coordinates":[-111.935868,33.326824]}}
{"type":"Feature","properties":{"OBJECTID":6,"Name":"Center for Educational Excellence","description":null},"geometry":{"type":"Point","coordinates":[-111.9136293,33.3499208]}}
{"type":"Feature","properties":{"OBJECTID":7,"Name":"C. I. Waggoner Elementary School","description":null},"geometry":{"type":"Point","coordinates":[-111.9216111,33.342527]}}
{"type":"Feature","properties":{"OBJECTID":8,"Name":"James Madison Preparatory School","description":null},"geometry":{"type":"Point","coordinates":[-111.910626,33.369974]}}
{"type":"Feature","properties":{"OBJECTID":9,"Name":"Ward Traditional Academy","description":null},"geometry":{"type":"Point","coordinates":[-111.9018393,33.386853]}}
{"type":"Feature","properties":{"OBJECTID":10,"Name":"Thew Elementary School","description":null},"geometry":{"type":"Point","coordinates":[-111.8952386,33.4173339]}}
{"type":"Feature","properties":{"OBJECTID":11,"Name":"Kyrene del Norte Elementary School","description":null},"geometry":{"type":"Point","coordinates":[-111.9174095,33.3577015]}}
{"type":"Feature","properties":{"OBJECTID":12,"Name":"Kyrene de los Niños Elementary School","description":null},"geometry":{"type":"Point","coordinates":[-111.9199274,33.3539732]}}
{"type":"Feature","properties":{"OBJECTID":13,"Name":"Kyrene de las Manitas Elementary School","description":null},"geometry":{"type":"Point","coordinates":[-111.9579618,33.3235344]}}
{"type":"Feature","properties":{"OBJECTID":14,"Name":"Broadmor Elementary School","description":null},"geometry":{"type":"Point","coordinates":[-111.934417,33.4051118]}}
{"type":"Feature","properties":{"OBJECTID":15,"Name":"Arredondo Elementary School","description":null},"geometry":{"type":"Point","coordinates":[-111.9160883,33.3841898]}}
{"type":"Feature","properties":{"OBJECTID":16,"Name":"Rover Elementary School","description":null},"geometry":{"type":"Point","coordinates":[-111.9179998,33.3697648]}}
{"type":"Feature","properties":{"OBJECTID":17,"Name":"Laird School","description":null},"geometry":{"type":"Point","coordinates":[-111.9207543,33.4467512]}}
{"type":"Feature","properties":{"OBJECTID":18,"Name":"Carminati Elementary School","description":null},"geometry":{"type":"Point","coordinates":[-111.9295196,33.3869852]}}
{"type":"Feature","properties":{"OBJECTID":19,"Name":"Aguilar Elementary School","description":null},"geometry":{"type":"Point","coordinates":[-111.9348563,33.3696349]}}
{"type":"Feature","properties":{"OBJECTID":20,"Name":"Connolly Middle School","description":null},"geometry":{"type":"Point","coordinates":[-111.8997691,33.4045725]}}
{"type":"Feature","properties":{"OBJECTID":21,"Name":"John J. Curry Elementary School","description":null},"geometry":{"type":"Point","coordinates":[-111.9011345,33.4032147]}}
{"type":"Feature","properties":{"OBJECTID":22,"Name":"Fees College Preparatory Middle School","description":null},"geometry":{"type":"Point","coordinates":[-111.9142017,33.3703676]}}
{"type":"Feature","properties":{"OBJECTID":23,"Name":"Getz School","description":null},"geometry":{"type":"Point","coordinates":[-111.950724,33.37159]}}
{"type":"Feature","properties":{"OBJECTID":24,"Name":"Gililland Middle School","description":null},"geometry":{"type":"Point","coordinates":[-111.955789,33.4179665]}}
{"type":"Feature","properties":{"OBJECTID":25,"Name":"Holdeman Elementary School","description":null},"geometry":{"type":"Point","coordinates":[-111.9596696,33.4099796]}}
{"type":"Feature","properties":{"OBJECTID":26,"Name":"Meyer Montessori","description":null},"geometry":{"type":"Point","coordinates":[-111.9146861,33.4017393]}}
{"type":"Feature","properties":{"OBJECTID":27,"Name":"Scales Technology Academy","description":null},"geometry":{"type":"Point","coordinates":[-111.9553205,33.4248243]}}
{"type":"Feature","properties":{"OBJECTID":28,"Name":"Tempe Academy","description":null},"geometry":{"type":"Point","coordinates":[-111.9354884,33.403263]}}
{"type":"Feature","properties":{"OBJECTID":29,"Name":"Wood Elementary School","description":null},"geometry":{"type":"Point","coordinates":[-111.9517587,33.3707539]}}
{"type":"Feature","properties":{"OBJECTID":30,"Name":"Compadre High School","description":null},"geometry":{"type":"Point","coordinates":[-111.9488197,33.3642177]}}
{"type":"Feature","properties":{"OBJECTID":31,"Name":"Corona Del Sol High School","description":null},"geometry":{"type":"Point","coordinates":[-111.9263833,33.3258456]}}
{"type":"Feature","properties":{"OBJECTID":32,"Name":"Marcos De Niza High School","description":null},"geometry":{"type":"Point","coordinates":[-111.9218572,33.3658448]}}
{"type":"Feature","properties":{"OBJECTID":33,"Name":"McClintock High School","description":null},"geometry":{"type":"Point","coordinates":[-111.9070149,33.396935]}}
{"type":"Feature","properties":{"OBJECTID":34,"Name":"Kyrene Middle School","description":null},"geometry":{"type":"Point","coordinates":[-111.9227193,33.3424566]}}